iter	TotalF1:average=Macro	MultiClassOneVsAll
0	0.6168145389	0.6859586533
1	0.6237562859	0.6788248541
2	0.6260280639	0.6719428674
3	0.6246934955	0.6654224662
4	0.6266110868	0.6590063743
5	0.6304253627	0.6527898247
6	0.631368069	0.6468287186
7	0.6319792774	0.6409837209
8	0.6315141553	0.6353140359
9	0.6385368014	0.6298644674
10	0.6445730895	0.6246523179
